{"170000.0": {"CL": [-1.017305, -0.6819194, -0.3421659, -0.0002833175, 0.3416247, 0.6813955, 1.016787, 1.347252, 1.67098, 1.987691, 2.296352, 2.59624, 2.885818, 3.166908, 3.440125, 3.700159, 3.950992, 4.193707, 4.428873, 4.656328, 4.887063, 5.129856], "CD": [0.1509852, 0.167305, 0.1772106, 0.180471, 0.1772233, 0.1673292, 0.1510216, 0.1286612, 0.1007721, 0.06785306, 0.03047142, -0.01078613, -0.05519567, -0.1019461, -0.150082, -0.1978512, -0.2436428, -0.2850694, -0.3186112, -0.3377626, -0.3330218, -0.2879895], "AOA": [-3.0, -2.0, -1.0, 0.0, 1.0, 2.0, 3.0, 4.0, 5.0, 6.0, 7.0, 8.0, 9.0, 10.0, 11.0, 12.0, 13.0, 14.0, 15.0, 16.0, 17.0, 18.0]}, "330000.0": {"CL": [-1.054086, -0.7079289, -0.3555403, -0.0001063702, 0.3553281, 0.7076287, 1.053763, 1.392577, 1.721615, 2.039604, 2.345216, 2.636792, 2.911223, 3.173138, 3.414947, 3.636662, 3.839072, 4.014532, 4.16443, 4.294995, 4.406753, 4.324182], "CD": [0.1136967, 0.1326539, 0.1442462, 0.1480704, 0.1442488, 0.1326721, 0.1137033, 0.08790881, 0.05601662, 0.01872038, -0.02318849, -0.0688239, -0.116908, -0.1662865, -0.2147419, -0.2595355, -0.2969555, -0.3193811, -0.3123494, -0.2472704, -0.09291862, 0.09080934], "AOA": [-3.0, -2.0, -1.0, 0.0, 1.0, 2.0, 3.0, 4.0, 5.0, 6.0, 7.0, 8.0, 9.0, 10.0, 11.0, 12.0, 13.0, 14.0, 15.0, 16.0, 17.0, 18.0]}, "660000.0": {"CL": [-1.078435, -0.7259212, -0.3650547, -2.1493e-05, 0.3650243, 0.7258934, 1.0784, 1.421828, 1.753529, 2.071599, 2.373448, 2.655823, 2.91437, 3.152639, 3.357606, 3.527728, 3.65086, 3.691759, 3.62056, 3.276492, 2.687273, 3.106437], "CD": [0.08223496, 0.1032781, 0.1162277, 0.1205342, 0.1162288, 0.1032789, 0.08223576, 0.05382621, 0.01894876, -0.02151849, -0.06657989, -0.1148186, -0.1645098, -0.2138974, -0.2593536, -0.2966249, -0.3166558, -0.2957464, -0.1716493, 0.05970342, 0.1002848, 0.05860278], "AOA": [-3.0, -2.0, -1.0, 0.0, 1.0, 2.0, 3.0, 4.0, 5.0, 6.0, 7.0, 8.0, 9.0, 10.0, 11.0, 12.0, 13.0, 14.0, 15.0, 16.0, 17.0, 18.0]}, "1300000.0": {"CL": [-1.107305, -0.7465062, -0.3757024, -1.106157e-05, 0.3756803, 0.7465076, 1.107306, 1.457889, 1.795644, 2.117368, 2.419147, 2.696893, 2.944964, 3.166486, 3.343205, 3.469349, 3.475626, 3.223362, 2.447628, 2.764577, 3.38957, 3.955635], "CD": [0.05594752, 0.07915841, 0.09353708, 0.09834459, 0.09353924, 0.07915962, 0.0559492, 0.02478755, -0.01338045, -0.05742795, -0.106107, -0.157563, -0.2093192, -0.2590153, -0.3012519, -0.3284233, -0.3164866, -0.1749604, 0.06839261, 0.006063254, -0.07860211, -0.1030215], "AOA": [-3.0, -2.0, -1.0, 0.0, 1.0, 2.0, 3.0, 4.0, 5.0, 6.0, 7.0, 8.0, 9.0, 10.0, 11.0, 12.0, 13.0, 14.0, 15.0, 16.0, 17.0, 18.0]}, "2400000.0": {"CL": [-1.132168, -0.7642575, -0.384988, -9.951791e-06, 0.3849782, 0.7642477, 1.132099, 1.489083, 1.83213, 2.156348, 2.457179, 2.72972, 2.966671, 3.169527, 3.314443, 3.362665, 3.105179, 2.118441, 2.7409, 3.485468, 4.118693, 4.740552], "CD": [0.03604885, 0.0610333, 0.07658318, 0.08180851, 0.07658409, 0.06103411, 0.03605067, 0.002597195, -0.03828792, -0.08529091, -0.1367799, -0.1905408, -0.2433141, -0.2917119, -0.3280537, -0.3352286, -0.2317456, 0.06591282, -0.0710293, -0.1725563, -0.1797767, -0.1122766], "AOA": [-3.0, -2.0, -1.0, 0.0, 1.0, 2.0, 3.0, 4.0, 5.0, 6.0, 7.0, 8.0, 9.0, 10.0, 11.0, 12.0, 13.0, 14.0, 15.0, 16.0, 17.0, 18.0]}}