{"42000.0": {"CL": [-1.024011, -0.7273851, -0.4306612, -0.1331009, 0.1651215, 0.4646882, 0.7648987, 1.06553, 1.366589, 1.667667, 1.968406, 2.268381, 2.567063, 2.864393, 3.15996, 3.452622, 3.742287, 4.028564, 4.311112, 4.58966, 4.863875, 5.133439, 5.399026, 5.659714, 5.915395, 6.168356, 6.416984, 6.662027, 6.903067], "CD": [0.3409889, 0.3488287, 0.3536861, 0.355378, 0.3536847, 0.3484732, 0.3395332, 0.3267128, 0.3099869, 0.2892341, 0.264438, 0.235679, 0.202898, 0.1661441, 0.1256695, 0.08161466, 0.03422153, -0.01615011, -0.069245, -0.1247429, -0.1823393, -0.2415684, -0.3021067, -0.3634789, -0.4251606, -0.4866512, -0.5472731, -0.6063204, -0.6629613], "AOA": [-7.0, -6.0, -5.0, -4.0, -3.0, -2.0, -1.0, 0.0, 1.0, 2.0, 3.0, 4.0, 5.0, 6.0, 7.0, 8.0, 9.0, 10.0, 11.0, 12.0, 13.0, 14.0, 15.0, 16.0, 17.0, 18.0, 19.0, 20.0, 21.0]}, "83000.0": {"CL": [-0.9427173, -0.639656, -0.3331623, -0.02418263, 0.2867733, 0.6007311, 0.9167289, 1.234003, 1.551357, 1.868718, 2.185071, 2.499724, 2.810864, 3.117769, 3.419745, 3.716187, 4.006645, 4.289903, 4.565877, 4.835928, 5.100472, 5.357159, 5.607093, 5.850976, 6.088107, 6.320375, 6.547371, 6.772374, 6.992997], "CD": [0.2775688, 0.286692, 0.2926146, 0.2948732, 0.2931769, 0.2872934, 0.2768934, 0.2617164, 0.2415824, 0.2164034, 0.1862376, 0.1510174, 0.1107542, 0.06574451, 0.01628191, -0.03722537, -0.09430131, -0.1545239, -0.217366, -0.282287, -0.3487371, -0.4161945, -0.483704, -0.5505445, -0.6156513, -0.6779406, -0.7359732, -0.7880724, -0.8321814], "AOA": [-7.0, -6.0, -5.0, -4.0, -3.0, -2.0, -1.0, 0.0, 1.0, 2.0, 3.0, 4.0, 5.0, 6.0, 7.0, 8.0, 9.0, 10.0, 11.0, 12.0, 13.0, 14.0, 15.0, 16.0, 17.0, 18.0, 19.0, 20.0, 21.0]}, "160000.0": {"CL": [-0.8976032, -0.5837, -0.2639633, 0.06091137, 0.3900586, 0.7235771, 1.059819, 1.397447, 1.735798, 2.073823, 2.409728, 2.740341, 3.064516, 3.381306, 3.68931, 3.987318, 4.274158, 4.548783, 4.814499, 5.06891, 5.308751, 5.538269, 5.753829, 5.959188, 6.152952, 6.334328, 6.506245, 6.671404, 6.833301], "CD": [0.2266909, 0.2383321, 0.2463054, 0.249932, 0.2487388, 0.2423345, 0.2302358, 0.2121354, 0.1877925, 0.1570803, 0.120002, 0.07650917, 0.02700107, -0.02808179, -0.08813125, -0.1525143, -0.2205689, -0.2915106, -0.3644329, -0.4387096, -0.5129575, -0.5858138, -0.6556803, -0.7204307, -0.7776267, -0.8238233, -0.8546072, -0.8647984, -0.8471222], "AOA": [-7.0, -6.0, -5.0, -4.0, -3.0, -2.0, -1.0, 0.0, 1.0, 2.0, 3.0, 4.0, 5.0, 6.0, 7.0, 8.0, 9.0, 10.0, 11.0, 12.0, 13.0, 14.0, 15.0, 16.0, 17.0, 18.0, 19.0, 20.0, 21.0]}, "330000.0": {"CL": [-0.8372087, -0.5245246, -0.2002451, 0.1336579, 0.4742522, 0.8204586, 1.170615, 1.52313, 1.875767, 2.226747, 2.572652, 2.910071, 3.236995, 3.551468, 3.851275, 4.134979, 4.400379, 4.647362, 4.879251, 5.084486, 5.267875, 5.422794, 5.545262, 5.627774, 5.666077, 5.658612, 5.612874, 5.543852, 5.480893], "CD": [0.1813752, 0.1946109, 0.2042776, 0.2092569, 0.2087867, 0.2022205, 0.1889272, 0.1684705, 0.1404549, 0.1048196, 0.06146015, 0.01073355, -0.04674068, -0.11018, -0.178632, -0.2511723, -0.3267283, -0.4039063, -0.481673, -0.5577898, -0.6297698, -0.6939704, -0.745867, -0.7779411, -0.7810461, -0.744469, -0.6586145, -0.51811, -0.3213921], "AOA": [-7.0, -6.0, -5.0, -4.0, -3.0, -2.0, -1.0, 0.0, 1.0, 2.0, 3.0, 4.0, 5.0, 6.0, 7.0, 8.0, 9.0, 10.0, 11.0, 12.0, 13.0, 14.0, 15.0, 16.0, 17.0, 18.0, 19.0, 20.0, 21.0]}, "640000.0": {"CL": [-0.812057, -0.5030236, -0.1776975, 0.1601699, 0.5070047, 0.8602924, 1.218162, 1.578944, 1.939896, 2.29798, 2.649279, 2.989678, 3.316644, 3.627747, 3.920108, 4.191589, 4.439489, 4.661137, 4.861507, 5.022153, 5.141617, 5.211759, 5.204002, 5.102391, 4.900318, 4.624013, 4.306776, 3.95968, 3.787082], "CD": [0.1458839, 0.1604048, 0.1716783, 0.1781993, 0.1789417, 0.173068, 0.1598545, 0.1387395, 0.1092391, 0.07127123, 0.02483636, -0.0294597, -0.09074761, -0.1579862, -0.229973, -0.3055015, -0.3831187, -0.4610919, -0.5379359, -0.6095814, -0.672167, -0.7194157, -0.7397762, -0.7200194, -0.6484663, -0.5277979, -0.366685, -0.20118, -0.1794046], "AOA": [-7.0, -6.0, -5.0, -4.0, -3.0, -2.0, -1.0, 0.0, 1.0, 2.0, 3.0, 4.0, 5.0, 6.0, 7.0, 8.0, 9.0, 10.0, 11.0, 12.0, 13.0, 14.0, 15.0, 16.0, 17.0, 18.0, 19.0, 20.0, 21.0]}}