{"42000.0": {"CL": [-0.0819209, -0.05819081, -0.0344529, -0.01064807, 0.01320972, 0.03717505, 0.06119189, 0.08524237, 0.1093271, 0.1334133, 0.1574725, 0.1814704, 0.2053651, 0.2291514, 0.2527968, 0.2762098, 0.299383, 0.3222851, 0.344889, 0.3671728, 0.38911, 0.4106751, 0.4319221, 0.4527771, 0.4732316, 0.4934684, 0.5133587, 0.5329622, 0.5522454], "CD": [0.02727911, 0.02790629, 0.02829489, 0.02843024, 0.02829478, 0.02787786, 0.02716266, 0.02613703, 0.02479895, 0.02313873, 0.02115504, 0.01885432, 0.01623184, 0.01329153, 0.01005356, 0.006529173, 0.002737722, -0.001292008, -0.0055396, -0.009979429, -0.01458715, -0.01932547, -0.02416853, -0.02907831, -0.03401285, -0.0389321, -0.04378184, -0.04850563, -0.05303691], "CM": [0.03677111, 0.03438266, 0.03181414, 0.02910819, 0.02628757, 0.02339112, 0.02043377, 0.01743043, 0.01440997, 0.01138557, 0.008371971, 0.005383041, 0.002431462, -0.0004629858, -0.003282709, -0.006031057, -0.008687102, -0.01123485, -0.01365286, -0.01592266, -0.01803184, -0.01995532, -0.02166149, -0.02314156, -0.02437358, -0.02529024, -0.02589304, -0.02613581, -0.02600113], "AOA": [-7.0, -6.0, -5.0, -4.0, -3.0, -2.0, -1.0, 0.0, 1.0, 2.0, 3.0, 4.0, 5.0, 6.0, 7.0, 8.0, 9.0, 10.0, 11.0, 12.0, 13.0, 14.0, 15.0, 16.0, 17.0, 18.0, 19.0, 20.0, 21.0]}, "83000.0": {"CL": [-0.07541739, -0.05117248, -0.02665299, -0.001934611, 0.02294186, 0.04805849, 0.07333831, 0.0987202, 0.1241086, 0.1494975, 0.1748057, 0.1999779, 0.2248691, 0.2494215, 0.2735796, 0.2972949, 0.3205316, 0.3431923, 0.3652701, 0.3868742, 0.4080378, 0.4285727, 0.4485674, 0.4680781, 0.4870486, 0.50563, 0.5237897, 0.5417899, 0.5594398], "CD": [0.0222055, 0.02293536, 0.02340917, 0.02358986, 0.02345415, 0.02298347, 0.02215147, 0.02093732, 0.01932659, 0.01731227, 0.01489901, 0.01208139, 0.008860335, 0.005259561, 0.001302553, -0.002978029, -0.007544105, -0.01236191, -0.01738928, -0.02258296, -0.02789897, -0.03329556, -0.03869632, -0.04404356, -0.0492521, -0.05423525, -0.05887785, -0.06304579, -0.06657451], "CM": [0.03834506, 0.0356426, 0.03273877, 0.0296639, 0.02645159, 0.02315466, 0.01979176, 0.01638633, 0.01294765, 0.0095053, 0.006071872, 0.002666498, -0.0007163904, -0.004054491, -0.007328425, -0.01052078, -0.01360296, -0.01656108, -0.01935448, -0.02192477, -0.02423023, -0.02628653, -0.02801695, -0.02937952, -0.03033082, -0.03078348, -0.03068384, -0.0299123, -0.02844724], "AOA": [-7.0, -6.0, -5.0, -4.0, -3.0, -2.0, -1.0, 0.0, 1.0, 2.0, 3.0, 4.0, 5.0, 6.0, 7.0, 8.0, 9.0, 10.0, 11.0, 12.0, 13.0, 14.0, 15.0, 16.0, 17.0, 18.0, 19.0, 20.0, 21.0]}, "160000.0": {"CL": [-0.07180826, -0.046696, -0.02111706, 0.004872909, 0.03120469, 0.05788617, 0.08478555, 0.1117957, 0.1388638, 0.1659058, 0.1927783, 0.2192273, 0.2451613, 0.2705045, 0.2951448, 0.3189854, 0.3419326, 0.3639026, 0.38516, 0.4055128, 0.4247001, 0.4430615, 0.4603063, 0.476735, 0.4922362, 0.5067463, 0.5204996, 0.5337123, 0.5466641], "CD": [0.01813527, 0.01906656, 0.01970443, 0.01999456, 0.0198991, 0.01938676, 0.01841887, 0.01697083, 0.0150234, 0.01256643, 0.00960016, 0.006120733, 0.002160085, -0.002246543, -0.0070505, -0.01220115, -0.01764551, -0.02332085, -0.02915463, -0.03509677, -0.0410366, -0.0468651, -0.05245443, -0.05763446, -0.06221014, -0.06590587, -0.06836858, -0.06918387, -0.06776978], "CM": [0.03908273, 0.03613733, 0.03293723, 0.02953663, 0.02598328, 0.02232662, 0.01859607, 0.01481039, 0.01100245, 0.007188075, 0.003380414, -0.0004261155, -0.004206585, -0.007939408, -0.01160116, -0.01516618, -0.01860395, -0.02187188, -0.02485471, -0.02755844, -0.02994432, -0.03185786, -0.03326224, -0.0339602, -0.03385983, -0.03281156, -0.03059332, -0.0270441, -0.0220066], "AOA": [-7.0, -6.0, -5.0, -4.0, -3.0, -2.0, -1.0, 0.0, 1.0, 2.0, 3.0, 4.0, 5.0, 6.0, 7.0, 8.0, 9.0, 10.0, 11.0, 12.0, 13.0, 14.0, 15.0, 16.0, 17.0, 18.0, 19.0, 20.0, 21.0]}, "330000.0": {"CL": [-0.06697669, -0.04196197, -0.0160196, 0.01069263, 0.03794018, 0.06563669, 0.09364919, 0.1218504, 0.1500614, 0.1781398, 0.2058122, 0.2328057, 0.2589596, 0.2841175, 0.308102, 0.3307983, 0.3520303, 0.371789, 0.3903401, 0.4067589, 0.42143, 0.4338235, 0.443621, 0.4502219, 0.4532862, 0.4526889, 0.4490299, 0.4435082, 0.4384714], "CD": [0.01451002, 0.01556887, 0.01634221, 0.01674055, 0.01670294, 0.01617764, 0.01511418, 0.01347764, 0.01123639, 0.008385566, 0.004916812, 0.0008586841, -0.003739254, -0.008814398, -0.01429056, -0.02009379, -0.02613826, -0.03231251, -0.03853384, -0.04462319, -0.05038158, -0.05551763, -0.05966936, -0.06223529, -0.06248369, -0.05955752, -0.05268916, -0.0414488, -0.02571136], "CM": [0.03917283, 0.03607701, 0.03270135, 0.02911301, 0.02535257, 0.02147669, 0.01752111, 0.01350634, 0.009454648, 0.005378093, 0.001287825, -0.002810884, -0.00689261, -0.01093224, -0.01490073, -0.01875485, -0.02245415, -0.02590051, -0.02897993, -0.03171789, -0.03385009, -0.0351975, -0.0355113, -0.03440644, -0.03150159, -0.02650726, -0.01947378, -0.01101678, -0.001801873], "AOA": [-7.0, -6.0, -5.0, -4.0, -3.0, -2.0, -1.0, 0.0, 1.0, 2.0, 3.0, 4.0, 5.0, 6.0, 7.0, 8.0, 9.0, 10.0, 11.0, 12.0, 13.0, 14.0, 15.0, 16.0, 17.0, 18.0, 19.0, 20.0, 21.0]}, "640000.0": {"CL": [-0.06496456, -0.04024189, -0.0142158, 0.01281359, 0.04056038, 0.06882339, 0.09745296, 0.1263155, 0.1551917, 0.1838384, 0.2119423, 0.2391743, 0.2653315, 0.2902197, 0.3136087, 0.3353271, 0.3551591, 0.3728909, 0.3889206, 0.4017722, 0.4113294, 0.4169407, 0.4163201, 0.4081913, 0.3920254, 0.369921, 0.3445421, 0.3167744, 0.3029666], "CD": [0.01167071, 0.01283239, 0.01373426, 0.01425594, 0.01431534, 0.01384544, 0.01278836, 0.01109916, 0.008739128, 0.005701699, 0.001986909, -0.002356776, -0.007259809, -0.0126389, -0.01839784, -0.02444012, -0.03064949, -0.03688735, -0.04303487, -0.04876651, -0.05377336, -0.05755326, -0.0591821, -0.05760155, -0.0518773, -0.04222383, -0.0293348, -0.0160944, -0.01435237], "CM": [0.0392032, 0.03608835, 0.03266201, 0.02900338, 0.02516488, 0.02119963, 0.01714861, 0.01304006, 0.008896109, 0.004725579, 0.0005400382, -0.003654111, -0.007828802, -0.01196275, -0.0160176, -0.01994785, -0.02370685, -0.02722584, -0.03033531, -0.03301353, -0.03497492, -0.03583767, -0.03514288, -0.03229733, -0.02707237, -0.0201762, -0.01238265, -0.005759927, -0.005911783], "AOA": [-7.0, -6.0, -5.0, -4.0, -3.0, -2.0, -1.0, 0.0, 1.0, 2.0, 3.0, 4.0, 5.0, 6.0, 7.0, 8.0, 9.0, 10.0, 11.0, 12.0, 13.0, 14.0, 15.0, 16.0, 17.0, 18.0, 19.0, 20.0, 21.0]}}