{"170000.0": {"CL": [-0.08138441, -0.05455355, -0.02737327, -2.26654e-05, 0.02732998, 0.05451164, 0.08134298, 0.1077801, 0.1336784, 0.1590153, 0.1837081, 0.2076992, 0.2308654, 0.2533526, 0.27521, 0.2960127, 0.3160793, 0.3354966, 0.3543099, 0.3725063, 0.3909651, 0.4103885], "CD": [0.01207881, 0.0133844, 0.01417685, 0.01443768, 0.01417786, 0.01338634, 0.01208173, 0.0102929, 0.008061768, 0.005428245, 0.002437714, -0.0008628907, -0.004415654, -0.008155687, -0.01200656, -0.0158281, -0.01949142, -0.02280555, -0.02548889, -0.02702101, -0.02664175, -0.02303916], "CM": [0.01154786, 0.007712786, 0.003860529, 2.814895e-06, -0.003854934, -0.007707458, -0.01154274, -0.0153314, -0.01905838, -0.02267858, -0.02616139, -0.02945831, -0.03254841, -0.03531559, -0.0377006, -0.03966846, -0.04101835, -0.04155801, -0.04109771, -0.03928454, -0.03557193, -0.02957358], "AOA": [-3.0, -2.0, -1.0, 0.0, 1.0, 2.0, 3.0, 4.0, 5.0, 6.0, 7.0, 8.0, 9.0, 10.0, 11.0, 12.0, 13.0, 14.0, 15.0, 16.0, 17.0, 18.0]}, "330000.0": {"CL": [-0.08432685, -0.05663431, -0.02844322, -8.509612e-06, 0.02842625, 0.0566103, 0.08430107, 0.1114062, 0.1377292, 0.1631683, 0.1876173, 0.2109434, 0.2328978, 0.253851, 0.2731958, 0.290933, 0.3071257, 0.3211626, 0.3331544, 0.3435996, 0.3525402, 0.3459346], "CD": [0.009095733, 0.01061231, 0.0115397, 0.01184563, 0.01153991, 0.01061377, 0.009096263, 0.007032705, 0.00448133, 0.001497631, -0.00185508, -0.005505912, -0.009352642, -0.01330292, -0.01717935, -0.02076284, -0.02375644, -0.02555049, -0.02498795, -0.01978163, -0.00743349, 0.007264747], "CM": [0.01214374, 0.008105789, 0.004055253, 1.177345e-06, -0.00405285, -0.008101253, -0.01213916, -0.0161329, -0.02006214, -0.02388217, -0.02755435, -0.03102931, -0.03425626, -0.0370581, -0.03940324, -0.04103028, -0.04159218, -0.04059062, -0.03701726, -0.02970037, -0.01814388, -0.00569068], "AOA": [-3.0, -2.0, -1.0, 0.0, 1.0, 2.0, 3.0, 4.0, 5.0, 6.0, 7.0, 8.0, 9.0, 10.0, 11.0, 12.0, 13.0, 14.0, 15.0, 16.0, 17.0, 18.0]}, "660000.0": {"CL": [-0.08627482, -0.0580737, -0.02920438, -1.71944e-06, 0.02920194, 0.05807148, 0.08627197, 0.1137463, 0.1402823, 0.1657279, 0.1898759, 0.2124658, 0.2331496, 0.2522111, 0.2686085, 0.2822182, 0.2920688, 0.2953407, 0.2896448, 0.2621194, 0.2149818, 0.2485149], "CD": [0.006578797, 0.008262248, 0.009298219, 0.009642737, 0.009298301, 0.008262309, 0.006578861, 0.004306097, 0.001515901, -0.001721479, -0.005326391, -0.00918549, -0.01316078, -0.0171118, -0.02074829, -0.02372999, -0.02533246, -0.02365971, -0.01373194, 0.004776273, 0.008022782, 0.004688222], "CM": [0.01242272, 0.00829043, 0.004148314, 1.070084e-07, -0.004148075, -0.008290194, -0.01242246, -0.0165119, -0.02052871, -0.0244308, -0.02817681, -0.03170916, -0.03496684, -0.03775724, -0.0399821, -0.04122259, -0.04069129, -0.0366594, -0.0255341, -0.01158064, -0.01340277, -0.01137161], "AOA": [-3.0, -2.0, -1.0, 0.0, 1.0, 2.0, 3.0, 4.0, 5.0, 6.0, 7.0, 8.0, 9.0, 10.0, 11.0, 12.0, 13.0, 14.0, 15.0, 16.0, 17.0, 18.0]}, "1300000.0": {"CL": [-0.08858437, -0.05972049, -0.03005619, -8.849257e-07, 0.03005442, 0.05972061, 0.08858445, 0.1166311, 0.1436516, 0.1693894, 0.1935318, 0.2157515, 0.2355972, 0.2533189, 0.2674564, 0.2775479, 0.2780501, 0.2578689, 0.1958103, 0.2211662, 0.2711656, 0.3164508], "CD": [0.004475802, 0.006332672, 0.007482967, 0.007867567, 0.007483139, 0.00633277, 0.004475936, 0.001983004, -0.001070436, -0.004594236, -0.008488562, -0.01260504, -0.01674554, -0.02072122, -0.02410016, -0.02627387, -0.02531893, -0.01399683, 0.005471409, 0.0004850603, -0.006288169, -0.008241718], "CM": [0.01271831, 0.008480486, 0.004239612, 1.556169e-07, -0.004239356, -0.008480317, -0.01271827, -0.0169131, -0.02103815, -0.02504965, -0.02890325, -0.03253124, -0.03584394, -0.03859549, -0.04058781, -0.04106408, -0.03841782, -0.02636644, -0.0141467, -0.01549509, -0.01875434, -0.01721546], "AOA": [-3.0, -2.0, -1.0, 0.0, 1.0, 2.0, 3.0, 4.0, 5.0, 6.0, 7.0, 8.0, 9.0, 10.0, 11.0, 12.0, 13.0, 14.0, 15.0, 16.0, 17.0, 18.0]}, "2400000.0": {"CL": [-0.09057348, -0.0611406, -0.03079904, -7.961433e-07, 0.03079826, 0.06113981, 0.0905679, 0.1191266, 0.1465704, 0.1725079, 0.1965743, 0.2183776, 0.2373337, 0.2535621, 0.2651555, 0.2690132, 0.2484143, 0.1694753, 0.219272, 0.2788374, 0.3294955, 0.3792441], "CD": [0.002883908, 0.004882664, 0.006126654, 0.006544681, 0.006126727, 0.004882729, 0.002884053, 0.0002077756, -0.003063034, -0.006823273, -0.01094239, -0.01524326, -0.01946513, -0.02333695, -0.02624429, -0.02681829, -0.01853965, 0.005273025, -0.005682344, -0.01380451, -0.01438213, -0.008982131], "CM": [0.01292613, 0.008612073, 0.004304391, 8.842385e-08, -0.004304344, -0.008612077, -0.0129254, -0.0172024, -0.02141419, -0.0255223, -0.02947647, -0.03319643, -0.0365568, -0.03922968, -0.04083417, -0.03996914, -0.03075832, -0.01433523, -0.02060703, -0.0223221, -0.01960543, -0.0134395], "AOA": [-3.0, -2.0, -1.0, 0.0, 1.0, 2.0, 3.0, 4.0, 5.0, 6.0, 7.0, 8.0, 9.0, 10.0, 11.0, 12.0, 13.0, 14.0, 15.0, 16.0, 17.0, 18.0]}}